ID from CIS Mail,"ID )سوا مر( from
Registration
Google Sheet",PROBLEM#1,,,,,PROBLEM#2,,,,TOTAL
,,STATUS,SAMPLE,COMPLETE,MARK,COMMENT,STATUS,SAMPLE,COMPLETE,MARK,(... / 12)
2020170000000,#N/A,NOT DELIVERED,,,,,OK,100,100,4,4
20201701028,20201701029,NOT DELIVERED,,,,,OK,100,100,4,4
20191700886,20191700886,OK,80,100,7.6,,OK,100,100,4,11.6
20201700059,20201700059,OK,100,100,8,,OK,100,100,4,12
20201700221,20201700221,OK,100,100,8,,OK,100,80,3.4,11.4
20191700049,20191700049,OK,100,100,8,,OK,100,80,3.4,11.4
20201700659,20201700659,OK,100,100,8,,OK,100,100,4,12
20201700423,20201700423,OK,80,100,7.6,,OK,100,100,4,11.6
20201700207,20201700207,OK,80,100,7.6,,OK,100,80,3.4,11
20201700700,20201700700,OK,100,100,8,,OK,100,80,3.4,11.4
20201700989,20201700990,OK,100,100,8,,OK,100,100,4,12
20201700990,20201700991,OK,100,100,8,,OK,100,100,4,12
20201700929,20201700930,OK,100,100,8,,OK,100,100,4,12
20191700272,20191700272,COMPILE_ERR,PLG:INCIDENT#1,PLG:INCIDENT#1,0,,PLAGIARISM,PLG:INCIDENT#1,PLG:INCIDENT#1,0,0
20201701061,20201701061,COMPILE_ERR,0,0,0,,OK,100,100,4,4
20201700849,20201700849,OK,80,100,7.6,,OK,100,100,4,11.6
20201700141,20201700141,OK,100,100,8,,OK,100,70,3.1,11.1
20201700266,20201700266,COMPILE_ERR,PLG:INCIDENT#1,PLG:INCIDENT#1,0,,PLAGIARISM,PLG:INCIDENT#1,PLG:INCIDENT#1,0,0
20201700274,20201700274,PLAGIARISM,PLG:INCIDENT#1,PLG:INCIDENT#1,0,,OK,PLG:INCIDENT#1,PLG:INCIDENT#1,0,0
20201700329,20201700329,OK,0,0,0,,OK,100,80,3.4,3.4
20201701079,20201701079,OK,100,100,8,,OK,100,80,3.4,11.4
20201700314,20201700314,OK,100,100,8,,OK,100,100,4,12
20201700842,20201700842,OK,100,100,8,,OK,100,100,4,12
20201700865,20201700865,OK,100,90,7.4,,OK,100,100,4,11.4
20201700139,20201700139,OK,80,100,7.6,,OK,100,80,3.4,11
20201700306,20201700306,OK,100,100,8,,OK,100,100,4,12
20201700673,20201700673,TIME OUT,100,0,2,,OK,100,100,4,6
20201700477,20201700477,OK,100,100,8,,OK,100,100,4,12
20201700651,20201700651,OK,100,100,8,,OK,100,80,3.4,11.4
20201700023,20201700023,OK,100,100,8,,OK,100,100,4,12
20201700025,20201700025,OK,100,100,8,,OK,100,60,2.8,10.8
20201700668,20201700668,OK,100,100,8,,OK,100,80,3.4,11.4
20201700529,20201700529,OK,100,0,2,,OK,100,100,4,6
20201700703,20201700703,OK,80,100,7.6,,OK,100,100,4,11.6
20191700513,20191700513,OK,100,20,3.2,,OK,100,100,4,7.2
20201700275,20201700275,OK,100,100,8,,OK,100,80,3.4,11.4
20191700835,20191700835,OK,80,0,1.6,,OK,60,20,1.2,2.8
20201700623,20201700623,OK,100,100,8,,OK,100,100,4,12
20201700394,20201700394,OK,100,100,8,,OK,100,100,4,12
20201700100,20201700100,OK,100,100,8,,OK,100,80,3.4,11.4
20201700269,20201700269,OK,100,100,8,,OK,100,100,4,12
20201700209,20201700209,OK,100,100,8,,OK,100,80,3.4,11.4
20201700867,20201700868,OK,0,0,0,,OK,80,80,3.2,3.2
20201700160,20201700160,OK,100,100,8,,OK,100,90,3.7,11.7
20201700670,20201700670,OK,100,100,8,,OK,100,60,2.8,10.8
20201700552,20201700552,OK,100,100,8,,OK,100,100,4,12
20201701092,20201701092,OK,100,100,8,,OK,100,100,4,12
20201700319,20201700319,OK,100,100,8,,OK,100,100,4,12
20201700516,20201700516,OK,100,100,8,,OK,100,100,4,12
20201700647,20201700647,OK,100,100,8,,OK,100,80,3.4,11.4
20201700122,20201700122,COMPILE_ERR,0,0,0,,COMPILE_ERR,0,0,0,0
20201700711,20201700711,OK,100,100,8,,OK,100,100,4,12
20201700270,20201700270,OK,100,100,8,,OK,100,80,3.4,11.4
20201700589,20201700589,OK,100,100,8,,OK,100,100,4,12
20201700678,20201700678,COMPILE_ERR,0,0,0,,OK,100,100,4,4
20191700420,20191700420,OK,100,100,8,,OK,100,100,4,12
20191700003,20191700003,OK,80,100,7.6,,OK,100,100,4,11.6
20201700089,20201700089,PLAGIARISM,PLG:INCIDENT#1,PLG:INCIDENT#1,0,,PLAGIARISM,PLG:INCIDENT#1,PLG:INCIDENT#1,0,0
20201700828,20201700828,OK,80,100,7.6,,OK,100,80,3.4,11
20201700957,20201700958,PLAGIARISM,PLG:INCIDENT#1,PLG:INCIDENT#1,0,,OK,PLG:INCIDENT#1,PLG:INCIDENT#1,0,0
20201700458,20201700458,COMPILE_ERR,PLG:INCIDENT#1,PLG:INCIDENT#1,0,,PLAGIARISM,PLG:INCIDENT#1,PLG:INCIDENT#1,0,0
20201700500,20201700500,COMPILE_ERR,0,0,0,,OK,100,80,3.4,3.4
20201700230,20201700230,PLAGIARISM,PLG:INCIDENT#1,PLG:INCIDENT#1,0,,OK,PLG:INCIDENT#1,PLG:INCIDENT#1,0,0
20201700992,20201700993,NOT DELIVERED,,,,,OK,100,100,4,4
20201701206,20201701206,NOT DELIVERED,,,,,OK,100,100,4,4
20201700555,20201700555,OK,100,0,2,,OK,100,100,4,6
20201700238,20201700238,OK,100,0,2,,OK,100,80,3.4,5.4
20201700143,20201700143,COMPILE_ERR,0,0,0,,OK,100,100,4,4
20201701205,20201701205,OK,100,100,8,,OK,100,80,3.4,11.4
20201700706,20201700706,OK,100,100,8,,OK,100,100,4,12
20201700175,20201700175,OK,100,100,8,,OK,100,80,3.4,11.4
20201700719,20201700719,OK,100,100,8,,OK,100,100,4,12
20201700872,20201701168,OK,100,100,8,,OK,100,80,3.4,11.4
20201700562,20201700562,PLAGIARISM,PLG:INCIDENT#1,PLG:INCIDENT#1,0,,OK,PLG:INCIDENT#1,PLG:INCIDENT#1,0,0
20201700819,20201700819,OK,100,100,8,,OK,100,100,4,12
20201701219,20201701219,OK,80,100,7.6,,OK,100,100,4,11.6
20201700608,20201700608,OK,80,100,7.6,,OK,100,80,3.4,11
20201700408,20201700408,NOT DELIVERED,,,,,OK,100,100,4,4
20201701185,20201701180,OK,100,0,2,,OK,100,100,4,6
20201700486,20201700486,OK,100,100,8,,OK,100,80,3.4,11.4
20201701065,20201701065,OK,100,100,8,,OK,100,100,4,12
20201700239,20201700239,OK,100,100,8,,OK,100,100,4,12
20201700783,20201700783,OK,100,100,8,,OK,100,80,3.4,11.4
20201700836,20201700836,OK,80,100,7.6,,OK,100,80,3.4,11
20201700449,20201700449,PLAGIARISM,PLG:INCIDENT#1,PLG:INCIDENT#1,0,,OK,PLG:INCIDENT#1,PLG:INCIDENT#1,0,0
20201701080,20201701080,OK,0,0,0,,OK,100,80,3.4,3.4
20201700446,20201700446,OK,100,0,2,,OK,100,80,3.4,5.4
20201700862,20201700862,OK,100,90,7.4,,OK,100,80,3.4,10.8
20201701221,20201700875,OK,100,0,2,,OK,100,100,4,6
20201700145,20201700145,COMPILE_ERR,0,0,0,,OK,100,100,4,4
20191700874,20191700874,OK,100,0,2,,OK,100,100,4,6
20201700367,20201700367,OK,100,100,8,,OK,100,100,4,12
20201700988,20201700989,OK,100,90,7.4,,OK,100,100,4,11.4
20201701034,20201701035,OK,100,100,8,,OK,100,100,4,12
20201701142,20201701142,OK,100,90,7.4,,OK,100,80,3.4,10.8
20201700356,20201700356,OK,80,100,7.6,,OK,100,80,3.4,11
20191700450,20191700450,OK,0,0,0,,OK,100,80,3.4,3.4
20201701267,20201701267,OK,100,100,8,,OK,100,100,4,12
20201700811,20201700811,PLAGIARISM,PLG:INCIDENT#1,PLG:INCIDENT#1,0,,OK,PLG:INCIDENT#1,PLG:INCIDENT#1,0,0
20201701197,20201701197,OK,100,100,8,,OK,100,100,4,12
20201700046,20201700046,OK,100,0,2,,OK,100,100,4,6
20201700452,20201700452,OK,100,100,8,,OK,100,100,4,12
20201700440,20201700440,OK,100,100,8,,OK,100,80,3.4,11.4
20201700568,20201700568,COMPILE_ERR,0,0,0,,OK,100,100,4,4
20201700043,2020170043,OK,100,100,8,,OK,100,100,4,12
20191700533,20191700533,NOT DELIVERED,,,,,OK,100,100,4,4
20201700156,20201700156,OK,100,100,8,,OK,100,100,4,12
20201701057,20201701057,PLAGIARISM,PLG:INCIDENT#1,PLG:INCIDENT#1,0,,OK,PLG:INCIDENT#1,PLG:INCIDENT#1,0,0
20201700810,20201700810,OK,100,100,8,,OK,100,80,3.4,11.4
20201700692,20201700692,OK,100,100,8,,OK,100,80,3.4,11.4
12122002,20201700813,OK,80,90,7,,OK,100,20,1.6,8.6
20201700010,20201700010,COMPILE_ERR,0,0,0,,OK,100,80,3.4,3.4
20201700677,20201700677,OK,100,10,2.6,,OK,100,80,3.4,6
20201700958,20201700959,COMPILE_ERR,0,0,0,,OK,100,100,4,4
20201700880,20201700881,OK,100,100,8,,OK,100,80,3.4,11.4
20201700934,20201700935,OK,80,100,7.6,,OK,100,80,3.4,11
20201701118,20201701118,COMPILE_ERR,0,0,0,,OK,100,100,4,4
20201700149,20201700149,OK,100,100,8,,OK,100,80,3.4,11.4
20201700091,20201700091,EXCEPTION,0,0,0,,TIME OUT,0,0,0,0
20201700095,20201700095,OK,100,100,8,,OK,100,80,3.4,11.4
20201701195,20201701195,OK,80,100,7.6,,OK,100,100,4,11.6
20201700542,20201700542,OK,100,60,5.6,,OK,100,100,4,9.6
20201700098,20201700098,OK,100,100,8,,OK,100,100,4,12
20191700289,20191700289,COMPILE_ERR,0,0,0,,OK,100,100,4,4
20201700975,20201700976,OK,100,100,8,,OK,100,100,4,12
20201700219,20201700219,WRONG SUBMISSION,0,0,0,,OK,100,70,3.1,3.1
20201700441,20201700441,OK,100,0,2,,OK,80,70,2.9,4.9
20201700533,20201700533,OK,100,0,2,,OK,100,100,4,6
20191700048,20191700048,OK,100,100,8,,OK,100,70,3.1,11.1
20201701233,20201701233,OK,100,100,8,,OK,100,100,4,12
20201700524,20201700524,OK,100,100,8,,OK,100,100,4,12
20201700832,20201700832,OK,100,100,8,,OK,100,100,4,12
20191700726,20191700726,OK,0,0,0,,OK,100,100,4,4
20201700851,20201700851,COMPILE_ERR,0,0,0,,OK,0,0,0,0
20201700702,20201700702,OK,PLG:INCIDENT#1,PLG:INCIDENT#1,0,,PLAGIARISM,PLG:INCIDENT#1,PLG:INCIDENT#1,0,0
20201700130,20201700130,NOT DELIVERED,,,,,OK,100,100,4,4
20201700655,20201700655,OK,100,0,2,,OK,100,100,4,6
20201700823,20201700823,PLAGIARISM,PLG:INCIDENT#1,PLG:INCIDENT#1,0,,OK,PLG:INCIDENT#1,PLG:INCIDENT#1,0,0
20201700903,20201700904,OK,100,100,8,,OK,100,100,4,12
202017009032,#N/A,NOT DELIVERED,,,,,OK,100,100,4,4
20201700341,20201700341,OK,100,100,8,,OK,100,100,4,12
20201700406,20201700406,OK,100,100,8,,OK,100,70,3.1,11.1
20201700063,20201700063,OK,PLG:INCIDENT#1,PLG:INCIDENT#1,0,,PLAGIARISM,PLG:INCIDENT#1,PLG:INCIDENT#1,0,0
20201700400,20201700400,OK,100,100,8,,OK,100,70,3.1,11.1
20201700540,20201700540,PLAGIARISM,PLG:INCIDENT#1,PLG:INCIDENT#1,0,,OK,PLG:INCIDENT#1,PLG:INCIDENT#1,0,0
20201700888,20201700889,OK,100,100,8,,OK,100,100,4,12
20201700324,20201700324,OK,100,100,8,,OK,100,100,4,12
20201700640,20201700640,OK,0,0,0,,OK,100,100,4,4
20201701226,20201701209,OK,100,100,8,,OK,100,70,3.1,11.1
20201700591,20201700591,OK,100,100,8,,OK,100,80,3.4,11.4
20201701120,20201701120,OK,100,90,7.4,,OK,100,100,4,11.4
20201700469,20201700469,OK,100,100,8,,OK,100,80,3.4,11.4
20201700902,20201700903,PLAGIARISM,PLG:INCIDENT#1,PLG:INCIDENT#1,0,,OK,PLG:INCIDENT#1,PLG:INCIDENT#1,0,0
20201700936,20201700937,OK,100,100,8,,OK,100,100,4,12
20201700937,20201700938,OK,100,100,8,,OK,100,100,4,12
20201700293,20201700293,OK,100,100,8,,OK,100,90,3.7,11.7
20201700345,20201700345,OK,80,100,7.6,,OK,100,100,4,11.6
20201700054,20201700054,TIME OUT,100,0,2,,OK,100,70,3.1,5.1
20201701013,20201701014,COMPILE_ERR,0,0,0,,OK,100,100,4,4
20191700352,20191700352,OK,100,100,8,,OK,100,90,3.7,11.7
20201700006,20201700006,OK,100,100,8,,OK,100,100,4,12
20201700369,20201700369,OK,100,100,8,,OK,100,100,4,12
20201700302,20201700302,OK,100,100,8,,OK,100,100,4,12
20201700069,20201700069,OK,100,100,8,,OK,100,100,4,12
20201700058,20201700058,OK,100,100,8,,OK,100,80,3.4,11.4
20201700586,20201700586,OK,100,100,8,,OK,100,100,4,12
20201701048,20201701048,OK,80,100,7.6,,OK,100,100,4,11.6
20201700505,20201700505,OK,80,100,7.6,,OK,100,100,4,11.6
20201700635,20201700635,OK,PLG:INCIDENT#1,PLG:INCIDENT#1,0,,PLAGIARISM,PLG:INCIDENT#1,PLG:INCIDENT#1,0,0
20201700313,20201700313,OK,100,0,2,,OK,100,80,3.4,5.4
20191700566,20191700566,OK,100,100,8,,OK,100,100,4,12
20201700174,20201700174,OK,80,100,7.6,,OK,100,70,3.1,10.7
20201700566,20201700566,NOT DELIVERED,,,,,EXCEPTION,40,0,0.4,0.4
20191700697,20191700697,OK,100,100,8,,OK,100,100,4,12
20191700660,20191700660,OK,100,100,8,,OK,100,70,3.1,11.1
20201700442,20201700442,OK,100,100,8,,OK,100,100,4,12
20201700641,20201700641,OK,80,100,7.6,,OK,100,70,3.1,10.7
20201700686,20201700686,OK,100,100,8,,OK,100,100,4,12
20201700146,20201700146,OK,0,0,0,,OK,100,100,4,4
20201701126,20201701126,OK,0,0,0,,OK,100,100,4,4
20201700850,20201700850,OK,100,100,8,,OK,100,40,2.2,10.2
20201700036,20201700036,OK,100,100,8,,OK,100,100,4,12
20201701062,20201701062,OK,100,100,8,,OK,100,100,4,12
20201700215,20201700215,OK,0,0,0,,OK,100,0,1,1
20201700891,20201700892,OK,80,100,7.6,,OK,100,100,4,11.6
20201700950,20201700951,OK,100,100,8,,OK,100,100,4,12
20201700187,20201700187,NOT DELIVERED,,,,,OK,100,70,3.1,3.1
20201700734,20201700734,OK,100,100,8,,OK,100,100,4,12
20201700144,20201700144,PLAGIARISM,PLG:INCIDENT#1,PLG:INCIDENT#1,0,,OK,PLG:INCIDENT#1,PLG:INCIDENT#1,0,0
20201701106,20201701106,OK,100,100,8,,OK,100,100,4,12
20201700352,20201700352,OK,100,100,8,,OK,100,70,3.1,11.1
20201701131,20201701131,OK,80,100,7.6,,OK,100,100,4,11.6
20201701098,20201701098,OK,100,100,8,,OK,100,100,4,12
20201700068,20201700068,OK,80,100,7.6,,OK,80,70,2.9,10.5
20201700951,20201700952,OK,100,100,8,,OK,100,100,4,12
20201701199,20201701199,PARTIAL D&C ALG (1/2 x MARK),100,100,4,MM: N^3 D&C,COMPILE_ERR,0,0,0,4
20201700316,20201700316,OK,100,100,8,,OK,80,100,3.8,11.8
20201700619,20201700619,OK,100,100,8,,OK,100,100,4,12
20201700646,20201700646,OK,100,0,2,,OK,100,100,4,6
20201700875,20201700875,OK,80,100,7.6,,OK,100,70,3.1,10.7
20201700374,20201700374,OK,80,100,7.6,,OK,100,100,4,11.6
20201701031,20201701032,PLAGIARISM,PLG:INCIDENT#1,PLG:INCIDENT#1,0,,OK,PLG:INCIDENT#1,PLG:INCIDENT#1,0,0
20201700246,20201700246,PLAGIARISM,PLG:INCIDENT#1,PLG:INCIDENT#1,0,,OK,PLG:INCIDENT#1,PLG:INCIDENT#1,0,0
20201700448,20201700448,OK,0,0,0,,OK,100,90,3.7,3.7
20201701191,20201701191,PLAGIARISM,PLG:INCIDENT#1,PLG:INCIDENT#1,0,,OK,PLG:INCIDENT#1,PLG:INCIDENT#1,0,0
20201700487,20201700487,OK,100,60,5.6,,OK,100,100,4,9.6
20201700584,20201700584,COMPILE_ERR,0,0,0,,OK,100,100,4,4
20201700906,20201700907,OK,100,100,8,,OK,100,70,3.1,11.1
20191700430,20191700430,OK,PLG:INCIDENT#1,PLG:INCIDENT#1,0,,PLAGIARISM,PLG:INCIDENT#1,PLG:INCIDENT#1,0,0
20201700120,20201700120,OK,100,100,8,,OK,100,70,3.1,11.1
20201700022,20201700022,OK,80,100,7.6,,OK,100,100,4,11.6
20191700401,20191700401,PARTIAL D&C ALG (1/2 x MARK),80,100,3.8,MM: N^3 D&C,OK,80,70,2.9,6.7
20191700908,20191700908,OK,100,100,8,,OK,100,100,4,12
20201700474,20201700474,OK,80,100,7.6,,OK,100,70,3.1,10.7
20201700859,20201700859,OK,100,100,8,,OK,100,100,4,12
20201700771,20201700771,PARTIAL D&C ALG (1/2 x MARK),100,100,4,MM: N^3 D&C,OK,100,100,4,8
20201701198,20201701198,OK,100,100,8,,OK,100,100,4,12
20191700885,20191700885,WRONG SUBMISSION,0,0,0,,OK,100,100,4,4
20201700382,20201700382,OK,100,100,8,,OK,100,70,3.1,11.1
20201700892,20201700893,WRONG ALGORITHM,0,0,0,MM: N^3 Naive,OK,0,0,0,0
20201700048,20201700048,OK,100,100,8,,OK,100,100,4,12
20201701241,20201701241,COMPILE_ERR,0,0,0,,OK,100,100,4,4
20201700976,20201700977,OK,0,0,0,,OK,100,10,1.3,1.3
20201700769,20201700769,OK,0,0,0,,OK,100,100,4,4
20201701115,20201701115,OK,20,0,0.4,,OK,100,100,4,4.4
20201700840,20201700840,OK,80,100,7.6,,OK,100,100,4,11.6
20201700055,20201700055,OK,80,100,7.6,,OK,100,100,4,11.6
20201700830,20201700830,OK,80,100,7.6,,OK,100,100,4,11.6
20201700782,20201700782,OK,80,100,7.6,,OK,100,100,4,11.6
20191700704,20191700704,OK,100,100,8,,OK,100,0,1,9
20201700642,20201700642,TIME OUT,100,0,2,,OK,100,100,4,6
20201700361,20201700361,OK,100,100,8,,OK,100,100,4,12
20201700590,20201700590,OK,100,100,8,,OK,100,100,4,12
20201700761,20201700761,OK,100,100,8,,OK,100,100,4,12
20201700572,#N/A,PLAGIARISM,PLG:INCIDENT#1,PLG:INCIDENT#1,0,,COMPILE_ERR,PLG:INCIDENT#1,PLG:INCIDENT#1,0,0
20201700096,20201700096,OK,100,100,8,,OK,100,100,4,12
20201700097,20201700097,TIME OUT,100,0,2,,OK,100,0,1,3
20201700150,20201700150,PLAGIARISM,PLG:INCIDENT#1,PLG:INCIDENT#1,0,,OK,PLG:INCIDENT#1,PLG:INCIDENT#1,0,0
20201700907,20201700908,COMPILE_ERR,0,0,0,,OK,100,100,4,4
20191700884,20191700884,OK,100,100,8,,OK,100,100,4,12
20201700946,20201701212,OK,100,100,8,,OK,100,100,4,12
20201700444,20201700444,OK,100,100,8,,OK,100,100,4,12
20201700001,20201700001,OK,100,90,7.4,,OK,100,100,4,11.4
20201700611,20201700611,OK,100,100,8,,OK,100,100,4,12
20201700940,20201700941,OK,100,100,8,,OK,100,100,4,12
20201700060,20201700060,OK,80,90,7,,OK,100,100,4,11
20201701615,20201701261,OK,0,0,0,,OK,100,100,4,4
20201700378,20201700378,OK,100,100,8,,OK,100,100,4,12
20201700758,20201700758,OK,100,100,8,,OK,100,100,4,12
20191700881,20191700881,OK,100,100,8,,OK,100,100,4,12
20201700415,20201700415,OK,100,100,8,,OK,100,100,4,12
20191700350,20191700350,NOT DELIVERED,,,,,OK,100,100,4,4
20201700129,20201700129,OK,100,100,8,,OK,100,100,4,12
20201700185,20201700185,OK,100,100,8,,OK,100,100,4,12
20201700169,20201700169,OK,100,100,8,,OK,100,100,4,12
20201700114,20201700114,PARTIAL D&C ALG (1/2 x MARK),0,0,0,"IM: Use BigInt
+, -, pad BaseCase 140,000!!!",OK,100,100,4,4
20201701133,20201701133,OK,100,100,8,,OK,80,100,3.8,11.8
20201700801,20201700801,OK,100,100,8,,OK,100,100,4,12
20201701156,20201700996,OK,100,100,8,,OK,100,100,4,12
20201700853,20201700853,OK,100,100,8,,OK,100,100,4,12
20191700367,20191700367,OK,80,100,7.6,,OK,100,100,4,11.6
20201700718,20201700718,OK,80,100,7.6,,OK,100,100,4,11.6
20201700111,20201700111,OK,80,100,7.6,,OK,100,100,4,11.6
20201701058,20201701058,OK,100,90,7.4,,OK,100,100,4,11.4
20201701025,20201701026,OK,80,0,1.6,,OK,100,100,4,5.6
20191700782,20191700782,OK,100,100,8,,OK,100,100,4,12
20201700963,#N/A,OK,100,100,8,,OK,100,100,4,12
20201701056,20201701056,OK,100,100,8,,OK,100,100,4,12
20201700116,20201700116,OK,100,100,8,,OK,100,100,4,12
20201700612,20201700612,OK,100,100,8,,OK,100,100,4,12
20201701250,20201701250,OK,100,100,8,,OK,100,100,4,12
20191700152,20191700152,OK,100,100,8,,OK,100,100,4,12
20201700968,20201700969,OK,80,100,7.6,,OK,100,100,4,11.6
20191700511,20191700511,OK,PLG:INCIDENT#1,PLG:INCIDENT#1,0,,PLAGIARISM,PLG:INCIDENT#1,PLG:INCIDENT#1,0,0
20201701112,20201701112,OK,100,100,8,,OK,100,100,4,12
20201700245,20201700245,OK,100,100,8,,OK,100,100,4,12
20201700587,20201700587,OK,100,100,8,,OK,100,60,2.8,10.8
20201700123,20201700123,OK,100,100,8,,OK,100,100,4,12
20201700335,20201700335,OK,100,100,8,,OK,100,100,4,12
20191700861,20191700861,COMPILE_ERR,0,0,0,,COMPILE_ERR,0,0,0,0
20201700899,20201700901,OK,100,20,3.2,,OK,100,100,4,7.2
20201700722,20201700722,OK,80,100,7.6,,OK,100,100,4,11.6
20201700634,20201700634,OK,100,100,8,,OK,100,100,4,12
20201700593,20201700593,OK,80,60,5.2,,OK,100,100,4,9.2
20201700614,20201700614,OK,100,100,8,,OK,100,100,4,12
20201700405,20201700405,OK,100,100,8,,OK,100,100,4,12
20201700923,20201701149,OK,100,100,8,,OK,100,100,4,12
20201700543,20201700543,OK,80,100,7.6,,OK,100,100,4,11.6
20201701004,20201701005,OK,100,100,8,,OK,100,100,4,12
20201700648,20201700648,OK,80,100,7.6,,OK,100,100,4,11.6
20191700814,20191700814,OK,100,0,2,,OK,100,100,4,6
20201700107,20201700107,OK,100,100,8,,OK,100,100,4,12
20201700090,20201700090,NOT DELIVERED,,,,,OK,100,100,4,4
20191700692,20191700692,OK,100,90,7.4,,OK,100,100,4,11.4
20201700411,20201700411,PLAGIARISM,PLG:INCIDENT#1,PLG:INCIDENT#1,0,,OK,PLG:INCIDENT#1,PLG:INCIDENT#1,0,0
20201700808,20201700808,OK,0,0,0,,OK,100,100,4,4
20201700683,20201700683,OK,100,100,8,,OK,100,100,4,12
20201700827,20201700827,OK,100,100,8,,OK,100,100,4,12
20201700303,20201700303,OK,0,0,0,,OK,100,100,4,4
20201701064,20201701064,PARTIAL D&C ALG (1/2 x MARK),100,0,1,MM: N^3 D&C,OK,100,100,4,5
20201701247,20201701247,OK,100,100,8,,OK,100,100,4,12
20201701190,20201701190,OK,100,100,8,,OK,100,100,4,12
20201700354,20201700354,OK,80,100,7.6,,OK,100,100,4,11.6
20201700878,20201700879,OK,100,100,8,,OK,100,100,4,12
20201700897,20201700898,OK,100,0,2,,OK,100,100,4,6
20191700887,20191700887,PARTIAL D&C ALG (1/2 x MARK),0,0,0,"IM: Use BigInt
+, -, pad, split",OK,100,100,4,4
20201701151,20201700949,PLAGIARISM,PLG:INCIDENT#1,PLG:INCIDENT#1,0,,OK,PLG:INCIDENT#1,PLG:INCIDENT#1,0,0
20201700080,20201700080,OK,80,100,7.6,,OK,100,100,4,11.6
20201700180,20201700180,OK,0,0,0,,OK,100,100,4,4
20201700358,20201700358,OK,100,100,8,,OK,100,100,4,12
20201700436,20201700436,OK,0,0,0,,OK,100,100,4,4
20201701002,20201701003,COMPILE_ERR,0,0,0,,OK,100,100,4,4
20201700273,20201700273,OK,80,100,7.6,,OK,100,100,4,11.6
20201700778,20201700778,PLAGIARISM,PLG:INCIDENT#1,PLG:INCIDENT#1,0,,OK,PLG:INCIDENT#1,PLG:INCIDENT#1,0,0
20201700885,20201700886,OK,100,100,8,,OK,100,100,4,12
20201700868,20201701217,OK,80,100,7.6,,OK,100,100,4,11.6
15420191700313,#N/A,PLAGIARISM,PLG:INCIDENT#1,PLG:INCIDENT#1,0,,OK,PLG:INCIDENT#1,PLG:INCIDENT#1,0,0
20201700182,20201700182,COMPILE_ERR,0,0,0,,OK,100,100,4,4
20201700736,20201700736,OK,100,100,8,,OK,100,100,4,12
20201700732,20201700732,OK,100,100,8,,OK,100,100,4,12
20201700318,20201700318,OK,100,100,8,,OK,100,100,4,12
20201700795,20201700795,COMPILE_ERR,0,0,0,,OK,100,100,4,4
20201700922,20201701148,OK,100,100,8,,OK,100,100,4,12
20201700208,20201700208,PLAGIARISM,PLG:INCIDENT#1,PLG:INCIDENT#1,0,,OK,PLG:INCIDENT#1,PLG:INCIDENT#1,0,0
20201700075,20201700075,TIME OUT,100,0,2,,OK,100,100,4,6
20201700518,20201700518,OK,100,100,8,,OK,100,100,4,12
20201700558,20201700558,OK,100,100,8,,OK,100,100,4,12
20201700190,20201700190,OK,100,100,8,,OK,100,100,4,12
20201700837,20201700837,OK,100,100,8,,OK,100,100,4,12
20201700960,20201700961,COMPILE_ERR,0,0,0,,OK,100,100,4,4
20201701147,20201700910,OK,100,20,3.2,,OK,100,100,4,7.2
20201700260,01124590224,OK,100,100,8,,COMPILE_ERR,0,0,0,8
20191700894,20191700894,OK,100,100,8,,OK,100,100,4,12
20201700372,20201700372,PLAGIARISM,PLG:INCIDENT#1,PLG:INCIDENT#1,0,,OK,PLG:INCIDENT#1,PLG:INCIDENT#1,0,0
20201700425,20201700425,PLAGIARISM,PLG:INCIDENT#1,PLG:INCIDENT#1,0,,OK,PLG:INCIDENT#1,PLG:INCIDENT#1,0,0
20201701030,20201701031,OK,100,100,8,,OK,100,100,4,12
20201700921,20201700922,OK,100,100,8,,OK,100,100,4,12
20201701253,20201701253,OK,80,100,7.6,,OK,100,100,4,11.6
20201700074,20201700074,PLAGIARISM,PLG:INCIDENT#1,PLG:INCIDENT#1,0,,COMPILE_ERR,PLG:INCIDENT#1,PLG:INCIDENT#1,0,0
20201700790,20201700790,OK,100,0,2,,OK,100,100,4,6
20201700952,20201700953,OK,100,100,8,,OK,100,100,4,12
20201700915,20201700916,OK,100,100,8,,OK,100,100,4,12
20201700085,20201700085,OK,100,100,8,,OK,100,100,4,12
20201700739,20201700739,OK,PLG:INCIDENT#1,PLG:INCIDENT#1,0,,PLAGIARISM,PLG:INCIDENT#1,PLG:INCIDENT#1,0,0
20201700901,20201700902,OK,100,100,8,,OK,100,100,4,12
20201700336,20201700336,OK,80,100,7.6,,OK,100,100,4,11.6
20201700747,20201700747,OK,100,100,8,,COMPILE_ERR,0,0,0,8
20201700796,20201700796,OK,100,100,8,,OK,100,100,4,12
20191700777,20191700777,OK,80,100,7.6,,OK,100,100,4,11.6
20201700933,20201700934,WRONG SUBMISSION,0,0,0,,OK,100,100,4,4
20201700956,20201700957,OK,100,100,8,,OK,100,100,4,12
20201700041,20201700041,OK,0,0,0,,OK,100,100,4,4
20201700202,20201700202,OK,100,100,8,,OK,100,100,4,12
20191700903,20191700903,OK,100,100,8,,OK,100,100,4,12
20201701055,20201701055,TIME OUT,100,0,2,,OK,100,100,4,6
20201700325,20201700325,OK,100,60,5.6,,OK,100,100,4,9.6
20201701154,20201700980,OK,100,100,8,,OK,100,100,4,12
20201700503,20201700503,OK,100,100,8,,OK,100,100,4,12
20201701168,20201701213,OK,100,100,8,,OK,100,100,4,12
20201700633,20201700633,OK,80,100,7.6,,OK,100,100,4,11.6
20201700349,20201700349,OK,80,100,7.6,,OK,100,100,4,11.6
20191700866,20191700866,OK,80,100,7.6,,OK,100,100,4,11.6
20201700206,20201700206,OK,100,100,8,,OK,100,100,4,12
20201701012,20201701163,OK,100,100,8,,OK,100,100,4,12
20201700124,20201700124,OK,100,100,8,,OK,100,100,4,12
20201700535,20201700535,OK,100,0,2,,OK,100,100,4,6
20191700164,20191700164,OK,100,100,8,,OK,100,100,4,12
20201700965,20201700966,OK,0,0,0,,OK,100,100,4,4
20201700262,20201700262,OK,100,100,8,,OK,80,100,3.8,11.8
20201700128,20201700128,OK,100,100,8,,OK,100,100,4,12
20191700384,20191700384,OK,100,100,8,,OK,100,100,4,12
20201701015,20201701016,OK,100,20,3.2,,OK,100,10,1.3,4.5
20201700346,20201700346,OK,100,0,2,,OK,100,100,4,6
20201700377,20201700377,OK,100,100,8,,OK,100,100,4,12
20201700370,20201700370,OK,0,0,0,,OK,100,100,4,4
20201700973,20201700974,OK,100,90,7.4,,OK,100,100,4,11.4
20201700021,20201700021,OK,100,60,5.6,,OK,100,100,4,9.6
20201700495,20201700495,OK,100,100,8,,OK,100,100,4,12
20191700394,20191700394,COMPILE_ERR,0,0,0,,OK,100,100,4,4
20201700912,20201700913,NOT DELIVERED,,,,,OK,100,100,4,4
20201700255,20201700255,OK,100,100,8,,OK,100,100,4,12
20201700198,20201700198,OK,100,20,3.2,,OK,100,100,4,7.2
20201700689,20201700689,COMPILE_ERR,0,0,0,,OK,100,100,4,4
20191700107,20191700107,OK,100,100,8,,OK,100,100,4,12
20201700272,20201700272,OK,100,100,8,,OK,100,100,4,12
20201701020,20201701158,COMPILE_ERR,0,0,0,,OK,100,100,4,4
20201700291,20201700291,OK,80,100,7.6,,OK,100,100,4,11.6
20191700117,20191700117,OK,100,20,3.2,,OK,100,100,4,7.2
20201700136,20201700136,COMPILE_ERR,0,0,0,,OK,100,100,4,4
20201700926,20201700931,OK,100,100,8,,OK,100,100,4,12
20201700392,20201700392,OK,80,100,7.6,,OK,100,100,4,11.6
20201700188,20201700188,OK,80,0,1.6,,OK,100,100,4,5.6
20191700592,20191700592,OK,100,0,2,,OK,100,100,4,6
20201700656,20201700656,OK,80,100,7.6,,OK,100,100,4,11.6
20201700663,20201700663,OK,100,100,8,,OK,100,100,4,12
2021170663,2021170663,OK,0,0,0,,OK,100,100,4,4
20201700822,20201700822,OK,0,0,0,,OK,100,100,4,4
20201701177,20201701177,OK,100,100,8,,OK,100,100,4,12
20201700931,20201700927,OK,100,100,8,,OK,100,100,4,12
20201700142,20201700142,OK,80,100,7.6,,OK,100,80,3.4,11
20201700804,20201700804,NOT DELIVERED,,,,,OK,100,100,4,4
20201700148,20201700148,OK,100,100,8,,OK,100,100,4,12
20201700882,20201700883,OK,100,100,8,,OK,100,100,4,12
20201700835,20201700835,OK,100,100,8,,OK,100,100,4,12
20201701200,20201701200,OK,100,100,8,,OK,100,100,4,12
20201700064,20201700064,OK,100,100,8,,OK,100,100,4,12
20191700817,20191700817,OK,80,90,7,,OK,100,100,4,11
20201700775,20201700775,OK,80,0,1.6,,OK,100,100,4,5.6
20201700258,20201700258,PLAGIARISM,PLG:INCIDENT#1,PLG:INCIDENT#1,0,,OK,PLG:INCIDENT#1,PLG:INCIDENT#1,0,0
20201701009,20201701010,OK,100,100,8,,COMPILE_ERR,0,0,0,8
20201700613,20201700613,OK,100,100,8,,OK,100,100,4,12
20201700109,20201700109,OK,100,90,7.4,,OK,100,100,4,11.4
20201700869,20201700870,OK,100,100,8,,OK,100,100,4,12
20201700658,20201700658,OK,100,100,8,,OK,100,100,4,12
20201700027,20201700027,OK,100,100,8,,OK,100,100,4,12
20201700161,20201700161,PLAGIARISM,PLG:INCIDENT#1,PLG:INCIDENT#1,0,,OK,PLG:INCIDENT#1,PLG:INCIDENT#1,0,0
20201700559,20201700559,PLAGIARISM,PLG:INCIDENT#1,PLG:INCIDENT#1,0,,OK,PLG:INCIDENT#1,PLG:INCIDENT#1,0,0
20201700028,20201700028,OK,100,100,8,,OK,100,100,4,12
20201701169,20201701169,OK,100,100,8,,OK,100,100,4,12
20201701117,20201701117,OK,0,0,0,,OK,100,100,4,4
20201700200,20201700200,OK,100,100,8,,OK,100,100,4,12
20201701136,20201701136,OK,100,100,8,,OK,100,100,4,12
20201700617,20201700617,OK,80,100,7.6,,OK,100,100,4,11.6
20201700720,20201700720,OK,100,100,8,,OK,100,100,4,12
20201700721,20201700721,OK,100,100,8,,OK,100,100,4,12
20191700679,20191700679,OK,100,100,8,,OK,100,100,4,12
20201700588,20201700588,OK,100,100,8,,OK,100,100,4,12
20191700561,20191700561,OK,100,100,8,,OK,100,100,4,12
20201700024,20201700024,OK,80,100,7.6,,OK,100,100,4,11.6
2021170258,2021170258,OK,100,100,8,,OK,100,100,4,12
20191700669,20191700669,OK,80,0,1.6,,OK,100,100,4,5.6
20201700712,20201700712,OK,100,100,8,,OK,100,100,4,12
20201700996,20201700997,TIME OUT,100,0,2,,OK,80,100,3.8,5.8
20201700072,20201700072,OK,100,100,8,,OK,100,100,4,12
20201701070,20201701070,OK,100,100,8,,OK,100,100,4,12
20201700603,20201700603,OK,100,100,8,,OK,100,100,4,12
20191700757,20191700757,OK,80,100,7.6,,OK,100,100,4,11.6
20191700527,20191700527,OK,100,100,8,,OK,100,100,4,12
20201700733,20201700733,PLAGIARISM,PLG:INCIDENT#1,PLG:INCIDENT#1,0,,OK,PLG:INCIDENT#1,PLG:INCIDENT#1,0,0
20201700004,20201700004,OK,100,0,2,,OK,100,100,4,6
20201701927,20201701927,TIME OUT,100,90,7.4,,OK,100,100,4,11.4
20201700223,20201700223,OK,100,100,8,,OK,100,100,4,12
20191700240,20191700240,OK,100,100,8,,OK,100,100,4,12
20201700457,20201700457,OK,100,100,8,,OK,100,100,4,12
20201700650,20201700650,OK,0,0,0,,OK,100,100,4,4
20201700913,20201700914,OK,100,100,8,,OK,100,100,4,12
20191700678,20191700678,OK,0,0,0,,OK,100,100,4,4
20191700890,20191700890,OK,0,0,0,,OK,100,100,4,4
20201700244,20201700244,OK,100,100,8,,OK,80,100,3.8,11.8
20201700355,20201700355,COMPILE_ERR,0,0,0,,OK,100,100,4,4
20201701161,20201701161,WRONG ALGORITHM,80,100,0,MM: N^3 Naive,OK,100,100,4,4
20201701508,20201701508,OK,100,0,2,,OK,100,100,4,6
20191700369,20191700369,OK,100,100,8,,OK,100,100,4,12
20201700066,20201700066,OK,0,0,0,,OK,100,100,4,4
20201701220,20201701220,OK,80,100,7.6,,OK,100,100,4,11.6
20201700463,20201700463,OK,100,100,8,,OK,80,100,3.8,11.8
20201701181,20201701181,COMPILE_ERR,0,0,0,,OK,100,100,4,4
20201700517,20201700517,OK,100,100,8,,OK,100,100,4,12
20201700236,20201700236,COMPILE_ERR,0,0,0,,OK,100,100,4,4
20201700735,20201700735,OK,100,100,8,,OK,100,100,4,12
20191700912,20191700912,OK,100,100,8,,OK,100,100,4,12
20201700153,20201700153,OK,80,100,7.6,,OK,100,100,4,11.6
20201700337,20201700337,OK,80,100,7.6,,OK,100,100,4,11.6
20201700731,20201700731,OK,100,100,8,,OK,100,100,4,12
20201701051,20201701051,OK,100,100,8,,OK,100,100,4,12
20191700009,20191700009,PARTIAL D&C ALG (1/2 x MARK),100,100,4,MM: N^3 D&C,OK,100,100,4,8
20201700216,20201700216,OK,100,100,8,,OK,100,100,4,12
20201700818,20201700818,OK,PLG:INCIDENT#1,PLG:INCIDENT#1,0,,PLAGIARISM,PLG:INCIDENT#1,PLG:INCIDENT#1,0,0
20201700942,20201700943,OK,100,100,8,,OK,100,100,4,12
20201700279,20201700279,OK,100,100,8,,OK,100,100,4,12
20201700290,20201700290,OK,100,100,8,,OK,100,100,4,12
20201700410,20201700410,OK,60,0,1.2,,OK,100,100,4,5.2
20201700764,20201700764,OK,100,100,8,,OK,100,100,4,12
20201700222,20201700222,TIME OUT,100,80,6.8,,OK,100,100,4,10.8
20191700911,20191700911,OK,100,100,8,,OK,100,100,4,12
20201700537,20201700537,COMPILE_ERR,0,0,0,,OK,100,100,4,4
20201700296,20201700296,OK,100,100,8,,OK,100,100,4,12
20201701189,20201701189,OK,100,100,8,,OK,100,100,4,12
20201700740,20201700740,OK,100,100,8,,OK,100,100,4,12
20201700493,20201700493,OK,100,100,8,,OK,100,100,4,12
20201700138,20201700138,OK,100,100,8,,OK,100,100,4,12
20191700882,20191700882,OK,PLG:INCIDENT#1,PLG:INCIDENT#1,0,,PLAGIARISM,PLG:INCIDENT#1,PLG:INCIDENT#1,0,0
20201700981,20201700981,OK,100,20,3.2,,OK,100,100,4,7.2
20201701078,20201701078,COMPILE_ERR,0,0,0,,OK,100,100,4,4
20201701155,20201700981,OK,100,100,8,,OK,100,100,4,12
20201701017,20201701018,OK,100,100,8,,OK,100,100,4,12
20201700791,20201700791,PLAGIARISM,PLG:INCIDENT#1,PLG:INCIDENT#1,0,,OK,PLG:INCIDENT#1,PLG:INCIDENT#1,0,0
20201700577,20201700577,OK,100,100,8,,OK,100,100,4,12
20201701000,20201701001,OK,100,100,8,,OK,100,100,4,12
20201701049,20201701049,OK,100,100,8,,OK,100,100,4,12
20201700348,20201700348,OK,100,100,8,,OK,100,100,4,12
20201700213,20201700213,OK,100,100,8,,OK,100,100,4,12
20201700040,20201700040,OK,100,100,8,,OK,100,100,4,12
20201700459,20201700459,OK,80,100,7.6,,OK,100,100,4,11.6
20201701160,20201701028,OK,100,0,2,,OK,100,100,4,6
20201700475,20201700475,OK,100,100,8,,OK,100,100,4,12
20191700731,20191700731,OK,100,100,8,,OK,100,100,4,12
20201700363,20201700363,OK,100,100,8,,OK,100,100,4,12
20201701076,20201701076,OK,100,80,6.8,,OK,100,100,4,10.8
20191700295,20191700295,TIME OUT,100,0,2,,OK,100,100,4,6
20201700799,20201700799,OK,100,100,8,,OK,100,100,4,12
20201700099,20201700099,OK,100,100,8,,OK,100,100,4,12
20191700537,20191700537,OK,80,100,7.6,,OK,100,100,4,11.6
20191700603,20191700603,OK,100,100,8,,OK,100,100,4,12
20201700271,20201700271,OK,100,100,8,,OK,100,100,4,12
20201700283,20201700283,OK,100,100,8,,OK,100,100,4,12
20201701075,20201701075,OK,100,80,6.8,,OK,100,100,4,10.8
20201700456,20201700456,OK,100,100,8,,OK,100,100,4,12
20191700042,20191700042,OK,80,100,7.6,,OK,100,100,4,11.6
20201700848,20201700848,OK,80,100,7.6,,OK,100,100,4,11.6
20201700512,20201700512,OK,100,100,8,,OK,100,100,4,12
20201700094,20201700094,OK,100,100,8,,OK,100,100,4,12
20201700243,20201700243,OK,100,100,8,,OK,100,100,4,12
20201700675,20201700675,OK,100,100,8,,OK,100,100,4,12
20201700445,20201700445,OK,100,100,8,,OK,100,100,4,12
20201700710,20201700710,OK,100,100,8,,OK,100,100,4,12
20201701018,20201701019,OK,100,100,8,,OK,100,100,4,12
20201700881,20201700882,OK,100,100,8,,OK,100,100,4,12
20191700557,20191700557,OK,80,90,7,,OK,100,100,4,11
20201700654,20201700654,OK,80,100,7.6,,OK,100,100,4,11.6
320201700235,#N/A,OK,100,100,8,,OK,100,100,4,12
20201700893,20201700894,OK,100,100,8,,OK,100,100,4,12
20201701016,20201701017,OK,100,100,8,,OK,100,100,4,12
20201700501,20201700501,OK,100,100,8,,OK,100,100,4,12
20201700113,20201700113,OK,0,0,0,,OK,100,100,4,4
20201700970,20201701153,OK,100,100,8,,OK,100,100,4,12
20191700448,20191700448,OK,100,100,8,,OK,100,100,4,12
20201700644,20201700644,OK,100,100,8,,OK,100,90,3.7,11.7
20191700593,20191700593,OK,100,90,7.4,,OK,100,100,4,11.4
20191700594,20191700594,OK,PLG:INCIDENT#1,PLG:INCIDENT#1,0,,PLAGIARISM,PLG:INCIDENT#1,PLG:INCIDENT#1,0,0
20201700932,20201700933,PLAGIARISM,PLG:INCIDENT#1,PLG:INCIDENT#1,0,,OK,PLG:INCIDENT#1,PLG:INCIDENT#1,0,0
20201700496,20201700496,OK,80,90,7,,OK,100,100,4,11
20201700525,20201700525,OK,100,100,8,,OK,100,100,4,12
20201700299,20201700299,OK,100,100,8,,COMPILE_ERR,0,0,0,8
20201700005,20201700005,OK,100,100,8,,OK,100,100,4,12
20201700241,20201700241,NOT DELIVERED,,,,,OK,100,100,4,4
20201700624,20201700624,COMPILE_ERR,0,0,0,,OK,100,100,4,4
20201701110,20201701110,OK,100,100,8,,OK,100,100,4,12
20201700886,20201700887,NOT DELIVERED,,,,,PLAGIARISM,PLG:INCIDENT#1,PLG:INCIDENT#1,0,0
20201701122,20201701122,OK,100,100,8,,OK,100,100,4,12
20201700193,20201700193,OK,0,0,0,,OK,100,100,4,4
20201700309,20201700309,OK,100,80,6.8,,OK,100,100,4,10.8
20201700427,20201700427,OK,100,100,8,,OK,100,100,4,12
20201700029,20201700029,OK,80,100,7.6,,OK,100,100,4,11.6
20201700993,20201700994,COMPILE_ERR,0,0,0,,OK,100,100,4,4
20201700602,20201700602,OK,100,100,8,,OK,100,100,4,12
20201700630,20201700630,OK,100,100,8,,OK,100,100,4,12
20201700532,20201700532,OK,100,100,8,,OK,100,100,4,12
20191700425,20191700425,PLAGIARISM,PLG:INCIDENT#1,PLG:INCIDENT#1,0,,OK,PLG:INCIDENT#1,PLG:INCIDENT#1,0,0
20201700401,20201700401,OK,80,100,7.6,,OK,100,100,4,11.6
20201700538,20201700538,OK,100,100,8,,OK,100,100,4,12
20201700344,20201700344,OK,80,100,7.6,,OK,100,100,4,11.6
20201700556,20201700556,WRONG ALGORITHM,100,100,0,MM: N^3 Naive,OK,100,100,4,4
20201701022,20201701023,OK,80,100,7.6,,OK,100,100,4,11.6
20201700561,20201700561,OK,100,100,8,,OK,100,100,4,12
20201700011,20201700011,OK,80,100,7.6,,OK,100,100,4,11.6
20201700925,20201701150,OK,100,100,8,,OK,100,100,4,12
20201700254,20201700254,OK,100,100,8,,OK,100,100,4,12
20201701124,20201701124,OK,100,100,8,,OK,100,100,4,12
20201700263,20201700263,COMPILE_ERR,0,0,0,,OK,100,100,4,4
20201700852,20201700852,OK,100,90,7.4,,OK,100,90,3.7,11.1
20201700421,20201700421,OK,100,100,8,,OK,100,100,4,12
20201700918,20201700919,OK,100,100,8,,OK,100,90,3.7,11.7
20201700943,20201700944,OK,100,100,8,,OK,100,100,4,12
20191700875,20191700875,OK,100,100,8,,OK,100,100,4,12
20191700765,20191700765,PLAGIARISM,PLG:INCIDENT#1,PLG:INCIDENT#1,0,,OK,PLG:INCIDENT#1,PLG:INCIDENT#1,0,0
20201700680,20201700680,TIME OUT,100,80,6.8,,OK,100,100,4,10.8
20201700753,20201700753,OK,100,100,8,,OK,100,100,4,12
20201701245,20201701245,OK,80,100,7.6,,OK,100,100,4,11.6
20201700389,20201700389,OK,80,100,7.6,,OK,100,100,4,11.6
20201700434,20201700434,OK,100,100,8,,OK,100,100,4,12
20201700807,20201700807,OK,100,90,7.4,,OK,100,100,4,11.4
20201700347,20201700347,OK,100,100,8,,OK,100,100,4,12
20201700974,20201700975,OK,100,100,8,,OK,80,100,3.8,11.8
20201700597,20201700597,OK,100,100,8,,OK,100,100,4,12
20201700856,20201700856,OK,80,100,7.6,,OK,100,50,2.5,10.1
20201700815,20201700815,OK,100,100,8,,OK,100,100,4,12
20191700386,20191700386,OK,0,0,0,,OK,100,100,4,4
20201700894,20201700895,OK,100,100,8,,OK,100,100,4,12
20191700633,20191700633,PARTIAL D&C ALG (1/2 x MARK),0,0,0,IM: Use BigInt BaseCase,OK,100,100,4,4
20201701027,20201701160,COMPILE_ERR,0,0,0,,OK,100,100,4,4
20201700506,20201700506,COMPILE_ERR,0,0,0,,OK,100,100,4,4
20201700944,20201700945,OK,100,100,8,,OK,100,100,4,12
20201700669,20201700669,OK,100,100,8,,OK,100,100,4,12
20201700453,20201700453,OK,100,100,8,,OK,100,100,4,12
20201700498,20201700498,OK,100,100,8,,OK,100,100,4,12
20201700627,20201700627,OK,100,60,5.6,,OK,100,100,4,9.6
20201701192,20201701192,OK,100,100,8,,OK,100,100,4,12
20191700870,20191700870,OK,100,100,8,,OK,100,100,4,12
20201700104,20201700104,OK,100,100,8,,OK,100,100,4,12
20201700242,20201700242,OK,PLG:INCIDENT#1,PLG:INCIDENT#1,0,,PLAGIARISM,PLG:INCIDENT#1,PLG:INCIDENT#1,0,0
20201700447,20201700447,NOT DELIVERED,,,,,OK,100,100,4,4
20201700779,20201700779,OK,80,100,7.6,,OK,100,100,4,11.6
20201700519,20201700519,OK,100,100,8,,OK,100,100,4,12
20191700092,20191700092,COMPILE_ERR,0,0,0,,COMPILE_ERR,0,0,0,0
20201700285,20201700285,OK,80,100,7.6,,OK,100,100,4,11.6
20201700334,20201700334,OK,100,100,8,,OK,100,100,4,12
20191700736,20191700736,PLAGIARISM,PLG:INCIDENT#1,PLG:INCIDENT#1,0,,OK,PLG:INCIDENT#1,PLG:INCIDENT#1,0,0
20191700909,20191700909,OK,80,100,7.6,,OK,100,100,4,11.6
20201700067,20201700067,OK,100,100,8,,OK,100,100,4,12
20191700291,20191700291,OK,100,100,8,,OK,100,100,4,12
20201700125,20201700125,OK,100,100,8,,OK,100,100,4,12
20191700607,20191700607,OK,100,100,8,,OK,100,100,4,12
20201700545,20201700545,PLAGIARISM,PLG:INCIDENT#1,PLG:INCIDENT#1,0,,OK,PLG:INCIDENT#1,PLG:INCIDENT#1,0,0
20201700176,20201700176,OK,PLG:INCIDENT#1,PLG:INCIDENT#1,0,,PLAGIARISM,PLG:INCIDENT#1,PLG:INCIDENT#1,0,0
20191700357,20191700334,OK,100,0,2,,OK,100,100,4,6
20201700103,20201700103,COMPILE_ERR,0,0,0,,OK,100,100,4,4
20201700665,20201700665,OK,100,80,6.8,,OK,100,100,4,10.8
20201700413,20201700413,OK,100,60,5.6,,OK,100,100,4,9.6
20191700531,20191700531,OK,100,100,8,,OK,100,100,4,12
20201700631,20201700631,OK,100,100,8,,OK,100,100,4,12
20201701007,20201701008,OK,100,100,8,,OK,100,100,4,12
20201700362,20201700362,WRONG SUBMISSION,0,0,0,,OK,100,100,4,4
20191700545,20191700545,OK,100,100,8,,OK,100,100,4,12
20201700691,20201700691,OK,100,100,8,,OK,100,100,4,12
20201701246,20201701246,OK,100,100,8,,OK,100,100,4,12
20201700638,20201700638,OK,0,0,0,,COMPILE_ERR,0,0,0,0
20201700991,20201700992,OK,100,100,8,,OK,100,100,4,12
20201700211,20201700211,OK,100,100,8,,OK,100,100,4,12
20201700280,20201700280,OK,100,100,8,,OK,100,100,4,12
20201700762,20201700762,OK,100,100,8,,OK,100,100,4,12
20201700821,20201700821,OK,80,100,7.6,,OK,100,100,4,11.6
20201700167,20201700167,WRONG ALGORITHM,100,100,0,IM: N^2 Naive,OK,100,100,4,4
20201700980,20201700980,OK,0,0,0,,OK,100,100,4,4
20201701137,20201701137,PARTIAL D&C ALG (1/2 x MARK),100,100,4,MM: N^3 D&C,OK,100,100,4,8
20201700920,20201700921,OK,100,100,8,,OK,100,100,4,12
20201700924,20201700925,OK,100,100,8,,OK,100,100,4,12
20201700994,20201700995,OK,100,100,8,,OK,100,100,4,12
20201700076,20201700076,TIME OUT,40,0,0.8,,OK,100,100,4,4.8
20201700310,20201700310,NOT DELIVERED,,,,,PLAGIARISM,PLG:INCIDENT#1,PLG:INCIDENT#1,0,0
20201700570,20201700570,COMPILE_ERR,0,0,0,,OK,100,100,4,4
20201700057,20201700057,OK,100,100,8,,OK,100,100,4,12
20201700579,20201700579,OK,100,90,7.4,,OK,100,100,4,11.4
20201700908,20201700909,OK,100,100,8,,OK,100,100,4,12
20201700508,20201700508,OK,100,100,8,,OK,100,100,4,12
20191700324,20191700324,OK,100,100,8,,OK,100,100,4,12
20201700183,20201700183,OK,100,100,8,,OK,100,100,4,12
20201700247,20201700247,TIME OUT,100,0,2,,OK,100,100,4,6
20201700583,20201700583,OK,100,100,8,,OK,100,100,4,12
20201700227,20201700227,OK,100,100,8,,OK,100,100,4,12
20201700237,20201700237,OK,100,0,2,,OK,100,100,4,6
20201700800,20201700800,OK,100,100,8,,OK,100,100,4,12
20201700802,20201700802,OK,100,100,8,,OK,80,100,3.8,11.8
20201700792,20201700792,OK,100,100,8,,OK,100,100,4,12
20201700863,20201700863,OK,100,100,8,,OK,100,100,4,12
20201701121,20201701121,OK,100,100,8,,OK,100,100,4,12
20201700330,20201700330,COMPILE_ERR,0,0,0,,OK,100,100,4,4
20201700323,20201700323,OK,100,90,7.4,,OK,100,100,4,11.4
20201700557,20201700557,OK,80,100,7.6,,OK,100,100,4,11.6
20201700814,#N/A,OK,100,0,2,,OK,100,100,4,6
20201700380,20201700380,OK,100,100,8,,OK,100,100,4,12
20201700342,20201700342,COMPILE_ERR,PLG:INCIDENT#1,PLG:INCIDENT#1,0,,PLAGIARISM,PLG:INCIDENT#1,PLG:INCIDENT#1,0,0
20201700172,20201700172,OK,100,100,8,,OK,100,100,4,12
20191700110,20191700110,EXCEPTION,0,0,0,,COMPILE_ERR,0,0,0,0
20201700622,20201700622,OK,100,100,8,,OK,100,100,4,12
20191700036,20191700036,OK,100,100,8,,OK,100,100,4,12
20201700910,20201700911,OK,0,0,0,,OK,100,100,4,4
20201700997,20201700998,COMPILE_ERR,0,0,0,,OK,100,100,4,4
20201700671,20201700671,COMPILE_ERR,0,0,0,,OK,100,100,4,4
20201700596,20201700596,OK,100,100,8,,COMPILE_ERR,0,0,0,8
20201700267,20201700267,OK,100,100,8,,OK,100,100,4,12
20201700131,20201700131,PLAGIARISM,PLG:INCIDENT#1,PLG:INCIDENT#1,0,,OK,PLG:INCIDENT#1,PLG:INCIDENT#1,0,0
20201700806,20201700806,OK,100,100,8,,OK,100,100,4,12
20191700510,20191700510,OK,0,0,0,,OK,100,100,4,4
20201700667,20201700667,OK,100,100,8,,OK,100,100,4,12
20201701148,20201700923,OK,100,100,8,,OK,100,100,4,12
20201700407,20201700407,OK,100,90,7.4,,OK,100,100,4,11.4
20201700359,20201700359,PLAGIARISM,PLG:INCIDENT#1,PLG:INCIDENT#1,0,,OK,PLG:INCIDENT#1,PLG:INCIDENT#1,0,0
20201700179,20201700179,OK,100,90,7.4,,OK,100,100,4,11.4
20201700483,20201700483,OK,100,100,8,,OK,100,100,4,12
20201700870,20201701227,OK,100,100,8,,OK,100,100,4,12
20201701172,20201701172,OK,100,100,8,,OK,100,100,4,12
20201700858,20201700858,PLAGIARISM,PLG:INCIDENT#1,PLG:INCIDENT#1,0,,OK,PLG:INCIDENT#1,PLG:INCIDENT#1,0,0
20201700201,20201700201,OK,100,100,8,,OK,100,100,4,12
20201700601,20201700601,OK,100,100,8,,OK,100,100,4,12
20191700006,20191700006,COMPILE_ERR,0,0,0,,COMPILE_ERR,0,0,0,0
20201701162,20201701162,PARTIAL D&C ALG (1/2 x MARK),0,0,0,IM: Use BigInt BaseCase,OK,100,100,4,4
20201700824,20201700824,OK,100,100,8,,OK,100,100,4,12
20191700186,20191700186,OK,100,100,8,,OK,100,100,4,12
20201700514,20201700514,OK,100,100,8,,OK,100,100,4,12
20191700161,20191700161,PARTIAL D&C ALG (1/2 x MARK),0,0,0,IM: Use BigInt BaseCase,OK,100,100,4,4
20201700432,20201700432,OK,80,0,1.6,,OK,100,100,4,5.6
20201700062,20201700062,OK,100,100,8,,OK,100,100,4,12
20201700393,20201700393,OK,100,100,8,,OK,100,100,4,12
20201700662,20201700662,OK,100,90,7.4,,OK,100,100,4,11.4
20201701097,20201701097,OK,100,100,8,,OK,100,100,4,12
20201700203,20201700203,PLAGIARISM,PLG:INCIDENT#1,PLG:INCIDENT#1,0,,OK,PLG:INCIDENT#1,PLG:INCIDENT#1,0,0
20201700724,20201700724,OK,80,100,7.6,,OK,100,100,4,11.6
20201700479,20201700479,OK,100,100,8,,OK,100,100,4,12
20191700178,20191700178,EXCEPTION,0,0,0,,OK,100,100,4,4
20191700922,20191700922,TIME OUT,100,0,2,,OK,100,100,4,6
20201700276,20201700276,OK,80,100,7.6,,OK,100,100,4,11.6
20201700594,20201700594,OK,100,100,8,,OK,100,100,4,12
20201700890,20201700891,OK,100,100,8,,OK,100,100,4,12
20201700071,20201700071,PARTIAL D&C ALG (1/2 x MARK),100,100,4,MM: N^3 D&C,OK,100,100,4,8
20201700295,20201700295,TIME OUT,100,0,2,,OK,100,100,4,6
20201700978,20201700979,OK,100,40,4.4,,OK,100,100,4,8.4
20201700684,20201700684,OK,80,100,7.6,,OK,100,100,4,11.6
20191700078,20191700078,NOT DELIVERED,,,,,OK,100,100,4,4
20191700172,20191700172,OK,80,100,7.6,,OK,100,40,2.2,9.8
20201700843,20201700843,OK,80,100,7.6,,OK,100,100,4,11.6
20201701038,20201701039,OK,100,100,8,,OK,100,100,4,12
20201700297,20201700297,PLAGIARISM,PLG:INCIDENT#1,PLG:INCIDENT#1,0,,OK,PLG:INCIDENT#1,PLG:INCIDENT#1,0,0
20201700784,20201700784,OK,100,100,8,,OK,100,100,4,12
20201701235,20201701235,OK,100,100,8,,OK,100,100,4,12
20201700373,20201700373,OK,100,100,8,,OK,100,100,4,12
20191700071,20191700071,OK,80,100,7.6,,OK,100,100,4,11.6
20201700754,20201700754,PARTIAL D&C ALG (1/2 x MARK),100,100,4,MM: N^3 D&C,OK,100,100,4,8
20201700032,20201700032,TIME OUT,100,0,2,,OK,100,100,4,6
20191700899,20191700899,OK,80,100,7.6,,OK,100,100,4,11.6
20201700357,20201700357,OK,PLG:INCIDENT#1,PLG:INCIDENT#1,0,,PLAGIARISM,PLG:INCIDENT#1,PLG:INCIDENT#1,0,0
20201700147,20201700147,NOT DELIVERED,,,,,OK,80,100,3.8,3.8
20191700115,20191700115,NOT DELIVERED,,,,,OK,100,100,4,4
20201700687,20201700687,OK,80,90,7,,OK,100,100,4,11
20201700121,20201700121,OK,80,100,7.6,,OK,100,100,4,11.6
20201700353,20201700353,OK,100,100,8,,OK,100,100,4,12
20191700690,20191700690,OK,100,100,8,,OK,100,100,4,12
20201701114,20201701114,OK,60,100,7.2,,OK,100,100,4,11.2
20201700774,20201700774,OK,100,100,8,,OK,100,100,4,12
20201700077,20201700077,OK,100,0,2,,OK,100,100,4,6
20201700101,20201700101,OK,100,100,8,,OK,100,100,4,12
20191700140,20191700140,OK,100,100,8,,OK,100,100,4,12
20201700186,20201700186,OK,100,100,8,,OK,100,100,4,12
20201700581,20201700581,OK,100,100,8,,OK,100,100,4,12
20191700658,20191700658,OK,100,100,8,,OK,100,100,4,12
20191700416,20191700416,OK,100,100,8,,OK,100,100,4,12
20201700284,20201700284,OK,100,100,8,,OK,100,100,4,12
20201700419,20201700419,COMPILE_ERR,0,0,0,,OK,100,100,4,4
20201701032,20201701033,OK,100,100,8,,OK,100,100,4,12
20201700083,20201700083,OK,100,100,8,,OK,100,60,2.8,10.8
20191700913,20191700913,OK,80,100,7.6,,OK,100,100,4,11.6
2021170034,2021170034,OK,100,100,8,,OK,100,100,4,12
20201700003,20201700003,OK,0,0,0,,OK,100,100,4,4
20201701053,20201701053,OK,100,90,7.4,,OK,100,100,4,11.4
20201701237,20201701237,OK,100,100,8,,OK,100,100,4,12
20201700574,20201700574,PLAGIARISM,PLG:INCIDENT#1,PLG:INCIDENT#1,0,,OK,PLG:INCIDENT#1,PLG:INCIDENT#1,0,0
20201700375,20201700375,OK,100,100,8,,OK,100,100,4,12
20191700919,20191700919,OK,0,0,0,,OK,100,100,4,4
20201700018,20201700018,OK,100,100,8,,OK,100,100,4,12
20201700212,20201700212,OK,100,20,3.2,,OK,100,100,4,7.2
20201701186,20201701186,OK,PLG:INCIDENT#1,PLG:INCIDENT#1,0,,PLAGIARISM,PLG:INCIDENT#1,PLG:INCIDENT#1,0,0
20201700595,20201700595,OK,80,100,7.6,,OK,100,100,4,11.6
20201700039,20201700039,OK,100,100,8,,OK,100,100,4,12
20201700118,20201700118,OK,80,100,7.6,,OK,100,100,4,11.6
20201700971,20201700972,PARTIAL D&C ALG (1/2 x MARK),0,0,0,"IM: Use BigInt
+, -, pad, split",OK,100,100,4,4
20191700898,20191700898,PLAGIARISM,PLG:INCIDENT#1,PLG:INCIDENT#1,0,,OK,PLG:INCIDENT#1,PLG:INCIDENT#1,0,0
20201701144,20201701144,OK,100,100,8,,OK,100,100,4,12
20201700155,20201700155,OK,100,100,8,,OK,100,100,4,12
20201700282,20201700282,OK,100,100,8,,OK,100,100,4,12
20191700254,20191700254,OK,100,100,8,,OK,100,100,4,12
20201700340,20201700340,OK,100,100,8,,OK,100,100,4,12
20201700972,20201700973,OK,100,90,7.4,,OK,100,100,4,11.4
20201700184,20201700184,OK,100,100,8,,OK,100,100,4,12
20191700142,20191700142,OK,80,100,7.6,,OK,100,100,4,11.6
20201700693,20201700693,OK,PLG:INCIDENT#1,PLG:INCIDENT#1,0,,PLAGIARISM,PLG:INCIDENT#1,PLG:INCIDENT#1,0,0
20201701108,20201701108,OK,100,100,8,,OK,100,100,4,12
20201700636,20201700636,OK,100,100,8,,OK,100,100,4,12
20201700308,20201700308,OK,100,100,8,,OK,100,100,4,12
20191700541,20191700541,OK,100,100,8,,OK,100,100,4,12
20201701194,20201701194,OK,100,100,8,,OK,100,100,4,12
20201700629,20201700629,OK,100,100,8,,OK,100,100,4,12
20201701109,20201701109,OK,100,100,8,,OK,100,100,4,12
20201700030,20201700030,OK,100,100,8,,OK,100,100,4,12
20201701216,20201700880,OK,100,100,8,,OK,100,100,4,12
20201700092,20201700092,OK,100,100,8,,OK,100,100,4,12
20201700298,20201700298,OK,100,90,7.4,,OK,100,100,4,11.4
20201701039,20201701040,PLAGIARISM,PLG:INCIDENT#1,PLG:INCIDENT#1,0,,OK,PLG:INCIDENT#1,PLG:INCIDENT#1,0,0
20201700961,20201700962,OK,100,100,8,,OK,100,100,4,12
20201700582,20201700582,OK,100,100,8,,OK,100,100,4,12
20201700857,20201700857,TIME OUT,100,0,2,,OK,100,100,4,6
20191700905,20191700905,OK,100,100,8,,COMPILE_ERR,0,0,0,8
20201700489,20201700489,OK,PLG:INCIDENT#1,PLG:INCIDENT#1,0,,PLAGIARISM,PLG:INCIDENT#1,PLG:INCIDENT#1,0,0
20201701091,20201701091,OK,100,100,8,,OK,100,80,3.4,11.4
20201701188,20201701188,OK,100,100,8,,OK,100,60,2.8,10.8
20201700999,20201701000,OK,100,100,8,,OK,100,80,3.4,11.4
20201701019,20201701020,OK,100,100,8,,OK,100,60,2.8,10.8
20201700708,20201700708,OK,100,100,8,,OK,100,60,2.8,10.8
20201700977,#N/A,PARTIAL D&C ALG (1/2 x MARK),100,100,4,MM: N^3 D&C,COMPILE_ERR,0,0,0,4
20201701213,20201700873,OK,100,100,8,,OK,100,70,3.1,11.1
20191700551,20191700551,OK,100,100,8,,OK,100,80,3.4,11.4
20201700350,20201700350,OK,100,100,8,,OK,100,60,2.8,10.8
20191700119,20191700119,PLAGIARISM,PLG:INCIDENT#1,PLG:INCIDENT#1,0,,OK,PLG:INCIDENT#1,PLG:INCIDENT#1,0,0
20201700158,20201700158,NOT DELIVERED,,,,,OK,100,30,1.9,1.9
20191700218,20191700218,OK,0,0,0,,OK,40,60,2.2,2.2
20201700598,20201700598,OK,100,100,8,,OK,100,70,3.1,11.1
20201700803,20201700803,OK,100,100,8,,OK,100,90,3.7,11.7
20191700400,20191700400,OK,100,100,8,,OK,100,60,2.8,10.8
20191700134,20191700134,NOT DELIVERED,,,,,OK,80,60,2.6,2.6
20201701257,20201701257,OK,80,100,7.6,,OK,100,60,2.8,10.4
20201700794,20201700794,OK,100,100,8,,OK,100,80,3.4,11.4
20201700278,20201700278,COMPILE_ERR,0,0,0,,OK,100,60,2.8,2.8
20201700717,20201700717,OK,100,100,8,,OK,100,100,4,12
20201700541,20201700541,OK,100,100,8,,OK,100,60,2.8,10.8
20201700917,20201700918,OK,100,100,8,,OK,100,60,2.8,10.8
20201701239,20201701239,OK,80,100,7.6,,OK,100,80,3.4,11
20201700384,20201700384,OK,100,100,8,,OK,100,40,2.2,10.2
20201701026,20201701027,OK,100,100,8,,OK,100,60,2.8,10.8
20191700504,20191700504,OK,100,0,2,,OK,100,60,2.8,4.8
20201700927,20201700928,OK,100,100,8,,OK,100,70,3.1,11.1
20201700967,20201700968,PLAGIARISM,PLG:INCIDENT#1,PLG:INCIDENT#1,0,,OK,PLG:INCIDENT#1,PLG:INCIDENT#1,0,0
20201700674,20201700674,OK,100,100,8,,OK,100,60,2.8,10.8
20201701116,20201701116,WRONG ALGORITHM,0,0,0,IM: N^2 Naive,OK,100,80,3.4,3.4
20201700571,20201700571,OK,100,100,8,,OK,100,80,3.4,11.4
20201700544,20201700544,TIME OUT,100,20,3.2,,OK,100,80,3.4,6.6
20201700240,20201700240,OK,0,0,0,,OK,100,80,3.4,3.4
20201700404,20201700404,OK,100,100,8,,OK,100,50,2.5,10.5
20201700787,20201700787,OK,80,100,7.6,,OK,100,80,3.4,11
20201700301,20201700301,OK,0,0,0,,OK,100,80,3.4,3.4
20201700749,20201700749,OK,100,100,8,,OK,100,100,4,12
20201700620,20201700620,OK,100,20,3.2,,OK,80,60,2.6,5.8
20201700268,20201700268,OK,80,100,7.6,,OK,100,100,4,11.6
20201700311,20201700311,OK,80,100,7.6,,OK,100,60,2.8,10.4
20201700195,20201700195,OK,100,60,5.6,,OK,60,20,1.2,6.8
20201700904,20201700905,OK,100,100,8,,OK,100,60,2.8,10.8
20201700112,20201700112,OK,100,0,2,,OK,100,60,2.8,4.8
20191700896,20191700896,OK,100,100,8,,OK,100,60,2.8,10.8
20191700779,20191700779,OK,100,100,8,,OK,100,60,2.8,10.8
20201701223,20201701223,OK,100,100,8,,OK,100,80,3.4,11.4
20201700726,20201700726,PARTIAL D&C ALG (1/2 x MARK),80,100,3.8,MM: N^3 D&C,OK,100,60,2.8,6.6
20201700132,20201700132,OK,0,0,0,,OK,100,60,2.8,2.8
20201701201,20201701226,OK,100,20,3.2,,OK,80,10,1.1,4.3
20201701096,20201701096,OK,100,100,8,,OK,100,60,2.8,10.8
20201700435,20201700435,OK,100,0,2,,OK,100,60,2.8,4.8
20201700360,20201700360,NOT DELIVERED,,,,,EXCEPTION,100,40,2.2,2.2
20201700288,20201700288,OK,60,0,1.2,,OK,60,10,0.9,2.1
20201700488,20201700488,PLAGIARISM,PLG:INCIDENT#1,PLG:INCIDENT#1,0,,OK,PLG:INCIDENT#1,PLG:INCIDENT#1,0,0
20191700219,20191700219,OK,100,100,8,,OK,100,100,4,12
20201700953,20201700954,COMPILE_ERR,0,0,0,,OK,100,70,3.1,3.1
20201700467,20201700467,OK,100,100,8,,OK,100,60,2.8,10.8
20201700031,20201700031,PLAGIARISM,PLG:INCIDENT#1,PLG:INCIDENT#1,0,,OK,PLG:INCIDENT#1,PLG:INCIDENT#1,0,0
20201700786,20201700786,OK,80,100,7.6,,OK,100,60,2.8,10.4
20201700756,20201700756,OK,100,100,8,,OK,100,100,4,12
20201700809,20201700809,OK,100,100,8,,OK,100,100,4,12
20201700016,20201700016,COMPILE_ERR,0,0,0,,OK,0,0,0,0
20201701001,20201701002,OK,100,90,7.4,,OK,100,70,3.1,10.5
20191700897,20191700897,PLAGIARISM,PLG:INCIDENT#1,PLG:INCIDENT#1,0,,OK,PLG:INCIDENT#1,PLG:INCIDENT#1,0,0
20191700031,20191700031,PLAGIARISM,PLG:INCIDENT#1,PLG:INCIDENT#1,0,,OK,PLG:INCIDENT#1,PLG:INCIDENT#1,0,0
20201700450,20201700450,PLAGIARISM,PLG:INCIDENT#1,PLG:INCIDENT#1,0,,COMPILE_ERR,PLG:INCIDENT#1,PLG:INCIDENT#1,0,0
20201701063,20201701063,OK,100,100,8,,EXCEPTION,100,10,1.3,9.3
20201700744,20201700744,OK,100,100,8,,OK,100,20,1.6,9.6
20201700261,20201700261,PLAGIARISM,PLG:INCIDENT#1,PLG:INCIDENT#1,0,,OK,PLG:INCIDENT#1,PLG:INCIDENT#1,0,0
20201700294,20201700294,OK,80,0,1.6,,OK,100,60,2.8,4.4
20201700082,20201700082,OK,100,100,8,,OK,100,80,3.4,11.4
20201700883,20201700883,PLAGIARISM,PLG:INCIDENT#1,PLG:INCIDENT#1,0,,OK,PLG:INCIDENT#1,PLG:INCIDENT#1,0,0
20201700841,20201700841,OK,100,100,8,,OK,100,100,4,12
20201700259,20201700259,OK,100,60,5.6,,OK,100,100,4,9.6
20201701037,20201701037,OK,100,100,8,,OK,100,60,2.8,10.8
20201700465,20201700465,OK,100,100,8,,OK,100,60,2.8,10.8
20201701107,20201701107,OK,100,100,8,,OK,100,60,2.8,10.8
20201700152,20201700152,OK,PLG:INCIDENT#1,PLG:INCIDENT#1,0,,PLAGIARISM,PLG:INCIDENT#1,PLG:INCIDENT#1,0,0
20201700013,20201700013,COMPILE_ERR,0,0,0,,OK,100,100,4,4
20201700781,20201700781,OK,100,100,8,,OK,100,60,2.8,10.8
20201700854,20201700854,OK,100,0,2,,OK,100,20,1.6,3.6
20201700861,20201700861,OK,100,100,8,,OK,100,100,4,12
20201700326,20201700326,OK,80,100,7.6,,OK,100,80,3.4,11
20201700876,20201700877,OK,0,0,0,,OK,100,80,3.4,3.4
20191700198,20191700198,OK,0,0,0,,OK,40,80,2.8,2.8
20201700987,20201700988,OK,100,0,2,,OK,100,10,1.3,3.3
20201700741,20201700741,OK,100,0,2,,OK,100,80,3.4,5.4
20201701149,20201700924,COMPILE_ERR,0,0,0,,OK,100,60,2.8,2.8
20201701180,20201700971,OK,100,100,8,,OK,100,60,2.8,10.8
20201700637,20201700637,NOT DELIVERED,,,,,OK,100,60,2.8,2.8
20201700575,20201700575,OK,100,100,8,,OK,80,20,1.4,9.4
20201701146,20201700872,OK,100,0,2,,OK,100,100,4,6
20201700170,20201700170,OK,80,100,7.6,,OK,100,60,2.8,10.4
20191700361,20191700361,OK,100,100,8,,OK,100,10,1.3,9.3
20201700947,20201700948,OK,100,100,8,,OK,100,80,3.4,11.4
20201701218,20201701218,OK,100,100,8,,EXCEPTION,100,10,1.3,9.3
20191700004,20191700004,OK,100,100,8,,OK,100,60,2.8,10.8
20201700210,20201700210,OK,100,100,8,,EXCEPTION,100,10,1.3,9.3
20201700224,20201700224,OK,100,100,8,,OK,100,80,3.4,11.4
20191700914,20191700914,OK,100,100,8,,OK,100,100,4,12
20191700363,20191700363,OK,80,100,7.6,,COMPILE_ERR,0,0,0,7.6
20201701104,20201701104,OK,100,100,8,,OK,100,60,2.8,10.8
20201700052,20201700052,OK,80,100,7.6,,OK,100,100,4,11.6
20201700134,20201700134,TIME OUT,100,0,2,,EXCEPTION,100,10,1.3,3.3
20201700887,20201700888,OK,100,100,8,,OK,100,80,3.4,11.4
20191700725,20191700725,PLAGIARISM,PLG:INCIDENT#1,PLG:INCIDENT#1,0,,OK,PLG:INCIDENT#1,PLG:INCIDENT#1,0,0
20201700632,20201700632,OK,100,100,8,,OK,100,60,2.8,10.8
20201700140,20201700140,OK,100,100,8,,OK,100,80,3.4,11.4
20201700047,20201700047,OK,100,100,8,,OK,100,80,3.4,11.4
20201701089,20201701089,OK,100,90,7.4,,OK,100,100,4,11.4
20201700049,20201700049,PARTIAL D&C ALG (1/2 x MARK),0,0,0,"IM: Use BigInt
+, -, pad, split",OK,100,100,4,4
20201700383,20201700383,OK,100,100,8,,OK,100,80,3.4,11.4
20201701173,20201701173,OK,100,100,8,,OK,100,40,2.2,10.2
20201701010,20201701011,OK,100,100,8,,OK,100,60,2.8,10.8
20191700655,20191700655,EXCEPTION,0,0,0,,COMPILE_ERR,0,0,0,0
20201700560,20201700560,OK,100,100,8,,OK,100,60,2.8,10.8
20201700770,20201700770,OK,100,100,8,,OK,100,60,2.8,10.8
20201700162,20201700162,OK,100,20,3.2,,OK,100,60,2.8,6
20201700009,20201700009,OK,80,100,7.6,,OK,100,60,2.8,10.4
20201700772,20201700772,PLAGIARISM,PLG:INCIDENT#1,PLG:INCIDENT#1,0,,OK,PLG:INCIDENT#1,PLG:INCIDENT#1,0,0
20201700697,20201700697,OK,100,100,8,,OK,100,80,3.4,11.4
20201701029,20201701030,OK,100,100,8,,OK,100,80,3.4,11.4
20201700250,20201700250,OK,100,100,8,,OK,100,60,2.8,10.8
20201700197,20201700197,OK,100,0,2,,OK,100,60,2.8,4.8
20201700962,20201700963,OK,80,100,7.6,,EXCEPTION,100,10,1.3,8.9
20201700909,20201701147,OK,100,100,8,,OK,100,40,2.2,10.2
20201700320,20201700320,OK,100,80,6.8,,EXCEPTION,100,10,1.3,8.1
20201700935,20201700936,OK,100,90,7.4,,OK,100,60,2.8,10.2
20201701041,20201701269,OK,100,100,8,,OK,100,60,2.8,10.8
20201701077,20201701077,OK,100,100,8,,OK,100,80,3.4,11.4
20191700749,20191700749,OK,100,90,7.4,,OK,80,60,2.6,10
20201700609,20201700609,OK,100,100,8,,OK,100,80,3.4,11.4
20191700396,20191700396,OK,100,100,8,,OK,100,40,2.2,10.2
20201700322,20201700322,OK,100,100,8,,OK,100,60,2.8,10.8
20201700466,20201700466,OK,100,100,8,,OK,100,80,3.4,11.4
20201700231,20201700231,OK,80,0,1.6,,OK,100,60,2.8,4.4
20201700491,20201700491,OK,100,100,8,,OK,100,100,4,12
20191700429,20191700429,PARTIAL D&C ALG (1/2 x MARK),100,90,3.7,MM: N^3 D&C,OK,100,60,2.8,6.5
20191700135,20191700135,OK,100,100,8,,OK,100,60,2.8,10.8
20201700181,20201700181,OK,80,100,7.6,,OK,100,100,4,11.6
20201700507,20201700507,OK,100,100,8,,OK,100,100,4,12
20201700730,20201700730,OK,100,100,8,,OK,80,0,0.8,8.8
20201700797,20201700797,OK,PLG:INCIDENT#1,PLG:INCIDENT#1,0,,PLAGIARISM,PLG:INCIDENT#1,PLG:INCIDENT#1,0,0
20201701044,20201701044,OK,PLG:INCIDENT#1,PLG:INCIDENT#1,0,,PLAGIARISM,PLG:INCIDENT#1,PLG:INCIDENT#1,0,0
20201701119,20201701119,OK,100,100,8,,OK,100,100,4,12
20201701170,20201701170,OK,100,100,8,,OK,100,90,3.7,11.7
20191700836,20191700836,OK,100,0,2,,OK,0,0,0,2
20201700189,20201700189,PLAGIARISM,PLG:INCIDENT#1,PLG:INCIDENT#1,0,,OK,PLG:INCIDENT#1,PLG:INCIDENT#1,0,0
20201700264,20201700264,OK,100,100,8,,OK,100,100,4,12
20201700061,20201700061,OK,100,100,8,,OK,100,80,3.4,11.4
20201700742,20201700742,COMPILE_ERR,0,0,0,,OK,100,100,4,4
20201700157,20201700157,OK,100,100,8,,OK,100,100,4,12
20201700941,20201700942,OK,100,100,8,,OK,100,100,4,12
20201700766,20201700766,OK,0,0,0,,OK,100,80,3.4,3.4
20201700256,20201700256,OK,100,100,8,,OK,100,100,4,12
20201700995,20201701156,OK,100,100,8,,OK,100,90,3.7,11.7
20201700300,20201700300,OK,100,0,2,,OK,100,100,4,6
20201700277,20201700277,OK,100,100,8,,OK,100,100,4,12
20201700106,20201700106,OK,100,90,7.4,,OK,100,90,3.7,11.1
20201700984,20201700985,OK,100,100,8,,OK,100,100,4,12
20201700592,20201700592,OK,100,70,6.2,,OK,80,0,0.8,7
20201700672,20201700672,OK,100,90,7.4,,OK,0,0,0,7.4
20201700478,20201700478,OK,100,100,8,,OK,100,100,4,12
20201700585,20201700585,OK,100,100,8,,OK,100,100,4,12
20201701024,20201701025,OK,0,0,0,,OK,100,100,4,4
20201700315,20201700315,OK,100,100,8,,OK,100,100,4,12
20201700793,20201700793,OK,100,100,8,,OK,60,0,0.6,8.6
20201700871,20201701146,OK,100,90,7.4,,OK,100,100,4,11.4
20201700874,20201701259,OK,100,100,8,,OK,100,100,4,12
20201700831,20201700831,OK,100,100,8,,OK,100,90,3.7,11.7
20201700065,20201700065,COMPILE_ERR,0,0,0,,OK,100,100,4,4
20201700265,20201700265,OK,100,60,5.6,,OK,80,100,3.8,9.4
20201700709,20201700709,OK,100,100,8,,OK,100,100,4,12
20201700600,20201700600,OK,100,100,8,,OK,80,0,0.8,8.8
20201700884,20201700885,OK,PLG:INCIDENT#1,PLG:INCIDENT#1,0,,PLAGIARISM,PLG:INCIDENT#1,PLG:INCIDENT#1,0,0
20201700473,20201700473,OK,80,100,7.6,,OK,100,100,4,11.6
20201701182,20201701182,COMPILE_ERR,PLG:INCIDENT#1,PLG:INCIDENT#1,0,,PLAGIARISM,PLG:INCIDENT#1,PLG:INCIDENT#1,0,0
20201701158,20201701249,COMPILE_ERR,0,0,0,,OK,100,100,4,4
20201700565,20201700565,COMPILE_ERR,0,0,0,,OK,100,100,4,4
20191700748,20191700748,OK,100,100,8,,OK,100,100,4,12
20201700321,20201700321,OK,100,100,8,,OK,100,50,2.5,10.5
20201700789,20201700789,OK,100,100,8,,OK,100,100,4,12
20191700873,20191700873,PARTIAL D&C ALG (1/2 x MARK),100,100,4,MM: N^3 D&C,OK,100,100,4,8
20201701204,20201701204,OK,0,0,0,,OK,100,100,4,4
20201700171,20201700171,OK,100,100,8,,OK,100,100,4,12
20191700745,20191700745,OK,100,100,8,,OK,100,100,4,12
20201700605,20201700605,OK,80,100,7.6,,OK,100,100,4,11.6
20191700900,20191700900,OK,100,100,8,,OK,100,100,4,12
20191700026,20191700026,OK,100,100,8,,OK,100,50,2.5,10.5
20191700359,20191700359,OK,100,100,8,,OK,100,90,3.7,11.7
20201700033,20201700033,OK,100,100,8,,OK,100,100,4,12
20201700578,#N/A,OK,100,100,8,,OK,100,70,3.1,11.1
20191700231,20191700231,WRONG ALGORITHM,100,100,0,MM: N^3 Naive,OK,0,0,0,0
20191700523,20191700523,OK,100,0,2,,OK,100,100,4,6
20201700390,20201700390,OK,80,100,7.6,,OK,100,100,4,11.6
20191700461,20191700461,OK,100,100,8,,OK,100,80,3.4,11.4
20201700757,20201700757,OK,80,100,7.6,,OK,100,100,4,11.6
20201700007,20201700007,OK,100,100,8,,OK,0,0,0,8
20201701081,20201701081,OK,80,100,7.6,,OK,100,100,4,11.6
20201701232,20201701232,OK,100,100,8,,OK,100,90,3.7,11.7
20201700416,20201700416,OK,100,100,8,,OK,100,100,4,12
20191700525,20191700525,OK,0,0,0,,COMPILE_ERR,0,0,0,0
20201700412,20201700412,OK,PLG:INCIDENT#1,PLG:INCIDENT#1,0,,PLAGIARISM,PLG:INCIDENT#1,PLG:INCIDENT#1,0,0
20201700939,20201700940,OK,100,100,8,,OK,100,70,3.1,11.1
20201700652,20201700652,OK,100,100,8,,OK,100,100,4,12
20201700905,20201700906,OK,100,100,8,,OK,100,100,4,12
20201700217,20201700217,PARTIAL D&C ALG (1/2 x MARK),0,0,0,MM: N^3 D&C,COMPILE_ERR,0,0,0,0
20201700084,20201700084,OK,100,100,8,,OK,100,100,4,12
20201701046,20201701066,OK,100,100,8,,OK,100,100,4,12
20201700117,20201700117,OK,100,100,8,,OK,100,100,4,12
20201700949,20201700950,OK,100,100,8,,OK,100,100,4,12
20201700688,20201700688,COMPILE_ERR,0,0,0,,COMPILE_ERR,0,0,0,0
20201700979,20201701154,OK,80,100,7.6,,OK,100,100,4,11.6
20201700304,20201700304,OK,100,100,8,,OK,100,100,4,12
20191700648,20191700648,EXCEPTION,100,0,2,,OK,100,100,4,6
20201700194,20201700194,OK,100,100,8,,COMPILE_ERR,0,0,0,8
20201700982,20201700983,OK,20,0,0.4,,OK,0,0,0,0.4
20191700572,20191700572,OK,100,100,8,,OK,80,0,0.8,8.8
20201700287,20201700287,OK,100,100,8,,OK,100,100,4,12
20201700550,20201700550,PLAGIARISM,PLG:INCIDENT#1,PLG:INCIDENT#1,0,,OK,PLG:INCIDENT#1,PLG:INCIDENT#1,0,0
20201701035,20201701036,OK,100,100,8,,OK,100,100,4,12
20201700743,20201700743,PLAGIARISM,PLG:INCIDENT#1,PLG:INCIDENT#1,0,,OK,PLG:INCIDENT#1,PLG:INCIDENT#1,0,0
20201700443,20201700443,COMPILE_ERR,0,0,0,,OK,100,90,3.7,3.7
20201701230,20201701230,OK,100,100,8,,OK,100,70,3.1,11.1
20191700892,20191700892,OK,100,100,8,,OK,100,100,4,12
20201700173,20201700173,OK,100,0,2,,OK,100,90,3.7,5.7
20201700715,20201700715,WRONG ALGORITHM,0,0,0,IM: Use BigInt MULTIPLY!,OK,100,90,3.7,3.7
20201700548,20201700548,OK,100,100,8,,OK,100,100,4,12
20191700852,20191700852,COMPILE_ERR,0,0,0,,OK,100,100,4,4
20201700351,20201700351,PLAGIARISM,PLG:INCIDENT#1,PLG:INCIDENT#1,0,,OK,PLG:INCIDENT#1,PLG:INCIDENT#1,0,0
20201700220,20201700220,OK,80,100,7.6,,OK,100,100,4,11.6
20201700115,20201700115,OK,100,100,8,,OK,100,100,4,12
20191700636,20191700636,OK,100,100,8,,OK,100,100,4,12
20201700137,20201700137,OK,100,100,8,,OK,100,100,4,12
20201700281,20201700281,PLAGIARISM,PLG:INCIDENT#1,PLG:INCIDENT#1,0,,OK,PLG:INCIDENT#1,PLG:INCIDENT#1,0,0
20201700573,20201700573,PLAGIARISM,PLG:INCIDENT#1,PLG:INCIDENT#1,0,,PLAGIARISM,PLG:INCIDENT#1,PLG:INCIDENT#1,0,0
20201700896,20201700897,OK,100,100,8,,OK,100,100,4,12
20201700785,20201700785,OK,100,100,8,,OK,100,100,4,12
20201700396,20201700396,OK,100,100,8,,OK,100,90,3.7,11.7
20201700088,20201700088,EXCEPTION,0,0,0,,OK,0,0,0,0
20201700645,20201700645,PLAGIARISM,PLG:INCIDENT#1,PLG:INCIDENT#1,0,,OK,PLG:INCIDENT#1,PLG:INCIDENT#1,0,0
20191700681,20191700681,OK,0,0,0,,OK,100,100,4,4
20191700379,20191700379,TIME OUT,40,0,0.8,,OK,100,100,4,4.8
20191700500,20191700500,OK,100,100,8,,OK,100,100,4,12
20201700398,20201700398,OK,80,100,7.6,,OK,100,80,3.4,11
20191700543,20191700543,OK,100,100,8,,OK,100,100,4,12
20201700626,20201700626,OK,100,100,8,,OK,100,100,4,12
20191700305,20191700305,OK,100,100,8,,OK,100,100,4,12
20201700371,20201700371,OK,100,80,6.8,,OK,0,0,0,6.8
20201701008,20201701009,OK,80,100,7.6,,OK,100,100,4,11.6
20201700051,20201700051,OK,20,0,0.4,,OK,100,100,4,4.4
20201700135,20201700135,OK,100,100,8,,OK,100,100,4,12
20201700399,20201700399,OK,80,100,7.6,,OK,100,100,4,11.6
20201701209,20201701216,OK,100,100,8,,EXCEPTION,0,0,0,8
20201700420,20201700420,OK,100,100,8,,COMPILE_ERR,0,0,0,8
20201701069,20201701069,OK,80,100,7.6,,OK,100,80,3.4,11
20201701011,20201701012,OK,80,100,7.6,,OK,100,100,4,11.6
20191700475,20191700475,COMPILE_ERR,0,0,0,,OK,0,0,0,0
20201700228,20201700228,OK,100,100,8,,OK,100,100,4,12
20201700914,20201700915,TIME OUT,100,0,2,,OK,100,60,2.8,4.8
20201700178,20201700178,NOT DELIVERED,,,,,OK,100,100,4,4
20191700232,20191700232,OK,80,100,7.6,,OK,100,100,4,11.6
20201700536,20201700536,PLAGIARISM,PLG:INCIDENT#1,PLG:INCIDENT#1,0,,OK,PLG:INCIDENT#1,PLG:INCIDENT#1,0,0
20201700056,20201700056,OK,100,100,8,,OK,100,100,4,12
20201700364,20201700364,OK,100,100,8,,OK,0,0,0,8
20201701234,20201701234,OK,100,100,8,,OK,100,100,4,12
20201700661,20201700661,OK,100,100,8,,EXCEPTION,40,0,0.4,8.4
20191700364,20191700364,WRONG ALGORITHM,0,0,0,MM: N^3 Naive,WRONG SUBMISSION,0,0,0,0
20201700379,20201700379,WRONG SUBMISSION,0,0,0,,WRONG SUBMISSION,0,0,0,0
20201700616,20201700616,WRONG SUBMISSION,0,0,0,,WRONG SUBMISSION,0,0,0,0
20201701273,20201701273,WRONG SUBMISSION,0,0,0,,WRONG SUBMISSION,0,0,0,0
20201701003,20201701004,PLAGIARISM,PLG:INCIDENT#1,PLG:INCIDENT#1,0,,WRONG SUBMISSION,PLG:INCIDENT#1,PLG:INCIDENT#1,0,0
20201701033,20201701034,OK,100,100,8,,WRONG SUBMISSION,0,0,0,8
20201700205,20201700205,WRONG SUBMISSION,0,0,0,,WRONG SUBMISSION,0,0,0,0
20201700534,20201700534,WRONG SUBMISSION,0,0,0,,WRONG SUBMISSION,0,0,0,0
20201700494,20201700494,WRONG SUBMISSION,0,0,0,,WRONG SUBMISSION,0,0,0,0
20201700695,20201700695,WRONG SUBMISSION,0,0,0,,WRONG SUBMISSION,0,0,0,0
20191700664,20191700664,WRONG SUBMISSION,0,0,0,,WRONG SUBMISSION,0,0,0,0
20201700164,20201700164,WRONG SUBMISSION,0,0,0,,WRONG SUBMISSION,0,0,0,0
20201701095,20201701095,OK,0,0,0,,WRONG SUBMISSION,0,0,0,0
20201700879,20201701201,WRONG SUBMISSION,0,0,0,,WRONG SUBMISSION,0,0,0,0
20201700159,20201700159,WRONG SUBMISSION,0,0,0,,WRONG SUBMISSION,0,0,0,0
20201700945,20201700946,WRONG SUBMISSION,0,0,0,,WRONG SUBMISSION,0,0,0,0
20191700813,20191700813,NOT DELIVERED,,,,,WRONG SUBMISSION,0,0,0,0
20191700547,20191700547,NOT DELIVERED,,,,,WRONG SUBMISSION,0,0,0,0
20201700780,20201700780,WRONG SUBMISSION,0,0,0,,WRONG SUBMISSION,0,0,0,0
20201700567,20201700567,WRONG SUBMISSION,0,0,0,,WRONG SUBMISSION,0,0,0,0
20201700020,20201700020,WRONG SUBMISSION,0,0,0,,WRONG SUBMISSION,0,0,0,0
20201700168,20201700168,OK,100,100,8,,WRONG SUBMISSION,0,0,0,8
20201700133,20201700133,WRONG SUBMISSION,0,0,0,,WRONG SUBMISSION,0,0,0,0
20201700368,20201700368,WRONG SUBMISSION,0,0,0,,WRONG SUBMISSION,0,0,0,0
20201700409,20201700409,WRONG SUBMISSION,0,0,0,,WRONG SUBMISSION,0,0,0,0
20201700916,20201701263,WRONG SUBMISSION,0,0,0,,WRONG SUBMISSION,0,0,0,0
20201701166,20201701166,OK,100,100,8,,NOT DELIVERED,,,,8
20201700045,20201700045,OK,80,100,7.6,,NOT DELIVERED,,,,7.6
20201700305,20201700305,OK,100,100,8,,NOT DELIVERED,,,,8
20201701071,20201701071,OK,100,100,8,,NOT DELIVERED,,,,8
20201700527,20201700527,PLAGIARISM,PLG:INCIDENT#1,PLG:INCIDENT#1,0,,NOT DELIVERED,,,,0
20191700596,20191700596,OK,80,0,1.6,,NOT DELIVERED,,,,1.6
20201700339,20201700339,OK,100,100,8,,NOT DELIVERED,,,,8
20201700599,20201700599,OK,80,0,1.6,,NOT DELIVERED,,,,1.6
20201700312,20201700312,PLAGIARISM,PLG:INCIDENT#1,PLG:INCIDENT#1,0,,NOT DELIVERED,,,,0
